"Additional_Dose_Janssen_noTX","Additional_Dose_Moderna_noTX","Additional_Dose_Pfizer_noTX","Additional_Dose_Unk_noTX","Additional_Doses_18Plus","Additional_Doses_18Plus_Vax_Pct","Additional_Doses_50Plus","Additional_Doses_50Plus_Vax_Pct","Additional_Doses_65Plus","Additional_Doses_65Plus_Vax_Pct","Additional_Doses_Janssen","Additional_Doses_Moderna","Additional_Doses_Pfizer","Additional_Doses_Unk_Manuf","Additional_Doses_Vax_Pct","Admin_Per_100K","Admin_Per_100k_12Plus","Admin_Per_100k_18Plus","Admin_Per_100k_5Plus","Admin_Per_100k_65Plus","Administered_12Plus","Administered_12Plus_Entity","Administered_18Plus","Administered_5Plus","Administered_65Plus","Administered_65Plus_Entity","Administered_Dose1_Pop_Pct","Administered_Dose1_Recip","Administered_Dose1_Recip_12Plus","Administered_Dose1_Recip_12PlusPop_Pct","Administered_Dose1_Recip_18Plus","Administered_Dose1_Recip_18PlusPop_Pct","Administered_Dose1_Recip_5Plus","Administered_Dose1_Recip_5PlusPop_Pct","Administered_Dose1_Recip_65Plus","Administered_Dose1_Recip_65PlusPop_Pct","Administered_Dose2_Pop_Pct","Administered_Dose2_Recip","Administered_Dose2_Recip_12Plus","Administered_Dose2_Recip_12PlusPop_Pct","Administered_Dose2_Recip_18Plus","Administered_Dose2_Recip_18PlusPop_Pct","Administered_Janssen","Administered_Moderna","Administered_Pfizer","Administered_Unk_Manuf","Booster_Eligible_NotBoosted","Booster_Eligible_NotBoosted_18Plus","Booster_Eligible_NotBoosted_18Plus_Pct","Booster_Eligible_NotBoosted_50Plus","Booster_Eligible_NotBoosted_50Plus_Pct","Booster_Eligible_NotBoosted_65Plus","Booster_Eligible_NotBoosted_65Plus_Pct","Booster_Eligible_NotBoosted_Pct","Census2019","Census2019_12PlusPop","Count_70pct_vacc","Date","Dist_Per_100K","Distributed_Janssen","Distributed_Moderna","Distributed_Per_100k_12Plus","Distributed_Per_100k_18Plus","Distributed_Per_100k_5Plus","Distributed_Per_100k_65Plus","Distributed_Pfizer","Distributed_Unk_Manuf","Doses_Administered","Doses_Distributed","Janssen_Any_Booster_noTX","Janssen_Janssen_Booster","Janssen_Janssen_Booster_Pct","Janssen_Moderna_Booster","Janssen_Moderna_Booster_Pct","Janssen_Pfizer_Booster","Janssen_Pfizer_Booster_Pct","Janssen_Unk_Booster","Janssen_Unk_Booster_Pct","Location","LongName","Moderna_Any_Booster_noTX","Moderna_Janssen_Booster","Moderna_Janssen_Booster_Pct","Moderna_Moderna_Booster","Moderna_Moderna_Booster_Pct","Moderna_Pfizer_Booster","Moderna_Pfizer_Booster_Pct","Moderna_Unk_Booster","Moderna_Unk_Booster_Pct","Pfizer_Any_Booster_noTX","Pfizer_Janssen_Booster","Pfizer_Janssen_Booster_Pct","Pfizer_Moderna_Booster","Pfizer_Moderna_Booster_Pct","Pfizer_Pfizer_Booster","Pfizer_Pfizer_Booster_Pct","Pfizer_Unk_Booster","Pfizer_Unk_Booster_Pct","Series_Complete_12Plus","Series_Complete_12PlusPop_Pct","Series_Complete_18Plus","Series_Complete_18PlusPop_Pct","Series_Complete_5Plus","Series_Complete_5PlusPop_Pct","Series_Complete_65Plus","Series_Complete_65PlusPop_Pct","Series_Complete_Janssen","Series_Complete_Janssen_12Plus","Series_Complete_Janssen_18Plus","Series_Complete_Janssen_5Plus","Series_Complete_Janssen_65Plus","Series_Complete_Moderna","Series_Complete_Moderna_12Plus","Series_Complete_Moderna_18Plus","Series_Complete_Moderna_5Plus","Series_Complete_Moderna_65Plus","Series_Complete_Pfizer","Series_Complete_Pfizer_12Plus","Series_Complete_Pfizer_18Plus","Series_Complete_Pfizer_5Plus","Series_Complete_Pfizer_65Plus","Series_Complete_Pop_Pct","Series_Complete_Unk_Manuf","Series_Complete_Unk_Manuf_12Plus","Series_Complete_Unk_Manuf_18Plus","Series_Complete_Unk_Manuf_5Plus","Series_Complete_Unk_Manuf_65Plus","Series_Complete_Yes","ShortName","Unk_Any_Booster_noTX","Unk_Janssen_Booster","Unk_Janssen_Booster_Pct","Unk_Moderna_Booster","Unk_Moderna_Booster_Pct","Unk_Pfizer_Booster","Unk_Pfizer_Booster_Pct","Unk_Unk_Booster","Unk_Unk_Booster_Pct","additional_doses","date_type"
1125485,33567278,41395027,17836,80039655,42.1,52818050,53.6,30064396,62.3,1211731,36066213,44395642,17995,39,159764,182244,187624,169848,245558,516698600,0,484558121,530374534,134546175,0,75.2,249702939,241501153,85.2,224974228,87.1,249654772,79.9,56337020,95,59.5,197614400,192147680,67.8,178328296,69,18002501,201632233,310332802,463308,86039963,79344494,51.8,35647410,42.4,15436481,36.5,53.2,332008832,283520141,57,"2022-01-19",197042,29894500,239975820,230741,253310,209501,1193960,384326705,0,530430844,654197025,4276320,1066948,25,1783095,41.7,1425184,33.3,1093,0,"US","United States",31274276,29293,0.1,28892076,92.4,2346375,7.5,6532,0,40486218,29023,0.1,2861010,7.1,37588475,92.8,7710,0,204038848,72,190196090,73.6,209499073,67.1,48243927,88,16539123,16534394,16509191,16536158,2332979,74123748,74118207,74040258,74120603,23010492,118714019,113254827,99519754,118709945,22841026,63.1,132407,131420,126887,132367,59430,209509297,"USA",68812,221,0.3,31097,45.2,34993,50.9,2501,3.6,81691581,"Report"
,,,,156822,40.9,98369,56.1,51704,66.9,2148,73238,84693,23,37.7,144094,168134,173302,154897,228625,1023729,959761,955867,1054018,209393,200061,67.4,493176,474655,78,439999,79.8,493093,72.5,85998,93.9,53.5,391110,379712,62.4,349906,63.4,41833,409399,601988,896,,,,,,,,,731545,608877,,"2022-01-19",186770,83500,530960,224398,247716,200790,1491800,751845,0,1054116,1366305,,,,,,,,,,"AK","Alaska",,,,,,,,,,,,,,,,,,,412923,67.8,382980,69.4,424313,62.4,77325,84.4,38808,38802,38658,38803,3529,154267,154261,153865,154263,42565,231143,219751,190355,231138,31188,58,109,109,102,109,43,424327,"AKA",,,,,,,,,,160102,"Report"
,,,,727168,32.3,563892,42.5,357101,52.3,12998,355809,366066,54,30.7,118879,137457,143548,126462,209517,5755169,5570496,5476170,5828422,1780556,1721142,60.4,2962441,2913500,69.6,2757092,72.3,2962073,64.3,800358,94.2,46.4,2273548,2251324,53.8,2130929,55.9,167908,2544661,3115872,402,,,,,,,,,4903185,4186880,,"2022-01-19",177994,393300,3709820,208445,228772,189362,1026950,4624240,0,5828843,8727360,,,,,,,,,,"AL","Alabama",,,,,,,,,,,,,,,,,,,2374076,56.7,2253606,59.1,2396248,52,683312,80.4,160262,160252,160169,160254,36461,998495,998478,998007,998491,362552,1236943,1214738,1094824,1236895,283906,48.9,608,608,606,608,393,2396308,"ALA",,,,,,,,,,734927,"Report"
,,,,538965,37.4,392339,48.9,245240,59.3,8499,269880,268735,413,34.7,130761,150964,156261,139413,215799,3860529,3750578,3621589,3944471,1130532,1082387,64.5,1946595,1891622,74,1762407,76,1945033,68.7,491674,93.9,49.5,1493324,1462666,57.2,1359152,58.6,118853,1695292,2128147,3806,,,,,,,,,3017804,2557248,,"2022-01-19",180593,249100,2219760,213118,235150,192623,1040300,2981090,0,3946098,5449950,,,,,,,,,,"AR","Arkansas",,,,,,,,,,,,,,,,,,,1546825,60.5,1442940,62.3,1577431,55.8,413761,79,110376,110250,109837,110258,15631,647951,647935,646802,647940,232400,818126,787779,685478,818080,165267,52.3,1154,861,823,1153,463,1577607,"ARA",,,,,,,,,,547527,"Report"
,,,,4568,16.9,2490,25.4,935,34,0,1447,3163,0,12.6,174067,198770,194872,191348,200244,73380,73380,61063,82490,6564,6564,88.6,41982,36662,95,30208,95,41978,95,3005,91.7,76,36005,32271,87.4,26480,84.5,554,20417,61514,9,,,,,,,,,47392,36917,,"2022-01-19",179165,600,20700,230002,270975,196961,2590300,63610,0,82494,84910,,,,,,,,,,"AS","American Samoa",,,,,,,,,,,,,,,,,,,32791,88.8,26999,86.2,36525,84.7,2750,83.9,566,566,565,566,26,8957,8956,8938,8957,1154,26998,23265,17492,26998,1569,77.1,4,4,4,4,1,36525,"ASA",,,,,,,,,,4610,"Report"
,,,,1456477,37.8,1003493,48.5,608842,55.3,19634,659613,803202,668,35,150405,172081,177096,159829,241384,10679475,10028699,9985527,10946600,3158827,2976673,69.3,5046927,4878955,78.6,4516261,80.1,5046162,73.7,1270653,95,54.8,3989480,3897362,62.8,3605345,63.9,351333,4353249,6220796,22140,,,,,,,,,7278717,6206060,,"2022-01-19",182490,597000,5051320,214031,235576,193942,1015020,7634600,0,10947518,13282920,,,,,,,,,,"AZ","Arizona",,,,,,,,,,,,,,,,,,,4147901,66.8,3855705,68.4,4239970,61.9,1101574,84.2,322295,322051,321842,322060,49855,1587277,1587233,1586580,1587260,536943,2324597,2232540,1941290,2324558,511508,58.3,6092,6077,5993,6092,3268,4240261,"AZA",,,,,,,,,,1483117,"Report"
,,,,33229,25.7,11302,39.5,1954,54.2,641,19329,13237,22,25.7,0,0,0,0,0,287824,287824,287824,287824,9194,9194,0,137768,137766,0,137766,0,137766,0,3810,0,0,118351,118351,0,118351,0,14135,125722,147937,32,,,,,,,,,0,0,,"2022-01-19",0,16100,136500,0,0,0,0,161010,0,287826,313610,,,,,,,,,,"BP2","Bureau of Prisons",,,,,,,,,,,,,,,,,,,129535,0,129535,0,129535,0,3602,0,13457,13456,13456,13456,195,50576,50576,50576,50576,1723,65503,65503,65503,65503,1684,0,0,0,0,0,0,129536,"BP2",,,,,,,,,,33229,"Report"
,,,,10325776,43.1,6055493,54.2,3165203,62,171635,4722836,5698222,450,39.5,175072,199605,203780,186290,252604,67159552,66027583,62392383,69166798,14747309,14397189,85.6,33814119,32598868,95,30105648,95,33807061,91.1,6584934,95,64.3,25390349,24594290,73.1,22574511,73.7,2247993,26139501,40770962,16334,,,,,,,,,39512223,33646265,,"2022-01-19",205960,3617200,28989420,241867,265793,219183,1393930,48772665,0,69174790,81379285,,,,,,,,,,"CA","California",,,,,,,,,,,,,,,,,,,26003581,77.3,23976683,78.3,26798838,72.2,5107084,87.5,2080803,2080201,2072849,2080427,203899,9329329,9328493,9303073,9328979,2575947,15385233,14590198,12596380,15384683,2325810,67.8,4749,4689,4381,4749,1428,26800114,"CAA",,,,,,,,,,10593143,"Report"
,,,,1733161,49.5,1021412,63.1,548037,71.1,22854,808385,936453,254,45.4,171353,193869,199416,181824,258559,9569499,9223127,8972157,9866733,2178135,2106461,76.7,4414434,4242599,86,3941533,87.6,4413455,81.3,846951,95,64.2,3699273,3574153,72.4,3306978,73.5,329011,3854607,5675929,8208,,,,,,,,,5758736,4936061,,"2022-01-19",196649,479400,4186200,229424,251699,208687,1344290,6658885,0,9867755,11324485,,,,,,,,,,"CO","Colorado",,,,,,,,,,,,,,,,,,,3769733,76.4,3502325,77.8,3894810,71.8,770418,91.5,304979,304954,304642,304960,28437,1402246,1402190,1401654,1402232,367443,2185350,2060295,1793807,2185318,373732,67.6,2300,2294,2222,2300,806,3894875,"COA",,,,,,,,,,1767946,"Report"
,,,,1180656,48.6,785699,61.1,419408,70.2,14537,574376,618122,17,44.6,195552,217911,222466,206002,275579,6768189,6458770,6313250,6970228,1736819,1650280,91.5,3263579,3144496,95,2914144,95,3262230,95,722872,95,71.6,2554248,2471067,79.6,2275764,80.2,241185,2662016,4067582,1213,,,,,,,,,3565287,3105947,,"2022-01-19",221079,335300,2994240,253775,277750,232952,1250650,4552575,0,6971996,7882115,,,,,,,,,,"CT","Connecticut",,,,,,,,,,,,,,,,,,,2623766,84.5,2428379,85.6,2706584,80,597765,94.8,226268,226187,226083,226189,22374,924986,924667,924468,924778,235149,1555333,1472475,1277495,1555178,340142,75.9,440,437,333,439,100,2707027,"CTA",,,,,,,,,,1207052,"Report"
,,,,148591,32.6,73730,42.5,40149,51.2,1148,64780,85911,18,31,190493,215982,218987,203557,276311,1316961,1204286,1264828,1344254,241338,212963,91.9,648758,627188,95,597184,95,648642,95,97031,95,65.4,461648,449520,73.7,427808,74.1,34952,489588,819348,512,,,,,,,,,705749,609754,,"2022-01-19",239587,69000,597560,277306,292753,256047,1935910,1024325,0,1344400,1690885,,,,,,,,,,"DC","District of Columbia",,,,,,,,,,,,,,,,,,,477010,78.2,455283,78.8,489123,74.1,78483,89.9,38210,38189,38170,38207,2799,169973,169965,169899,169967,41700,280599,268495,246871,280584,33895,69.3,365,361,343,365,89,489147,"DCA",,,,,,,,,,151857,"Report"
,,,,1322,0,170,0,34,0,10,460,856,0,0,0,0,0,0,0,6952037,6952037,6598115,7015742,553972,553972,0,3933650,3892843,0,3697941,0,3933479,0,338590,0,0,2633126,2610150,0,2460507,0,311633,2341987,4340278,22067,,,,,,,,,0,0,,"2022-01-19",0,210000,2082140,0,0,0,0,4042070,0,7015965,6334210,,,,,,,,,,"DD2","Dept of Defense",,,,,,,,,,,,,,,,,,,2887359,0,2737534,0,2910299,0,173570,0,278043,278015,277829,278023,9257,906667,906642,906466,906648,60061,1725398,1702447,1552989,1725373,104252,0,255,255,250,255,0,2910363,"DD2",,,,,,,,,,1326,"Report"
,,,,245268,41.9,181806,53.5,110906,62.8,4266,109633,135286,17,39,169153,191735,196715,179205,263906,1610200,1561697,1515080,1646974,498535,477321,79.3,771991,750049,89.3,703256,91.3,771841,84,206739,95,61.7,600960,586875,69.9,547517,71.1,59574,638862,946788,1924,,,,,,,,,973764,839807,,"2022-01-19",214768,93600,803580,249026,271534,227555,1107080,1194155,0,1647148,2091335,,,,,,,,,,"DE","Delaware",,,,,,,,,,,,,,,,,,,624579,74.4,585184,76,638642,69.5,176480,93.4,55611,55600,55551,55607,9885,226974,226961,226838,226963,72772,355468,341401,302186,355454,93499,65.6,618,617,609,618,324,638671,"DEA",,,,,,,,,,249202,"Report"
,,,,4872652,37.8,3670951,49,2296115,57,90336,2165547,2677434,4508,35.6,162281,183413,188652,171331,253902,34290981,33330236,32538287,34845310,11418820,11017909,76.6,16445013,16105812,86.1,15183819,88,16437052,80.8,4707808,95,59.8,12846747,12637250,67.6,11881375,68.9,1420087,12963859,20347059,123210,,,,,,,,,21477737,18696028,,"2022-01-19",202423,2307300,15787560,232541,252066,213767,966704,25381085,0,34854215,43475945,,,,,,,,,,"FL","Florida",,,,,,,,,,,,,,,,,,,13656228,73,12899604,74.8,13864893,68.2,4024792,89.5,1323283,1322445,1321612,1322483,212368,4771001,4770219,4768993,4770282,1937393,7736483,7527849,6773651,7736343,1854525,64.6,35790,35715,35348,35785,20506,13866557,"FLA",,,,,,,,,,4937825,"Report"
,,,,4651,11,1783,14.1,489,14.2,333,4297,24,0,10.7,85250,108817,124252,93966,136617,86120,86120,82906,87220,6574,6574,49.6,50786,49731,62.8,47572,71.3,50778,54.7,3695,76.8,32.3,33030,33024,41.7,31969,47.9,12823,69863,4528,14,,,,,,,,,102320,79142,,"2022-01-19",112099,12200,82440,144929,171902,123571,2383620,20060,0,87228,114700,,,,,,,,,,"FM","Federated States of Micronesia",,,,,,,,,,,,,,,,,,,43385,54.8,42315,63.4,43395,46.8,3432,71.3,11978,11970,11955,11974,1078,30134,30133,30129,30134,2338,1279,1274,223,1279,15,42.4,8,8,8,8,1,43399,"FMA",,,,,,,,,,4654,"Report"
,,,,1754573,34.3,1173168,44.1,640204,51.8,21482,812921,947524,1132,32.1,130364,151000,157307,138938,221220,13572019,13132499,12763167,13839422,3355808,3267815,63.2,6705753,6537430,72.7,6093594,75.1,6704107,67.3,1418795,93.5,50.1,5321561,5228605,58.2,4884777,60.2,326506,5455896,8022533,36342,,,,,,,,,10617423,8988102,,"2022-01-19",184481,803400,7526060,217923,241413,196641,1291220,11257675,0,13841277,19587135,,,,,,,,,,"GA","Georgia",,,,,,,,,,,,,,,,,,,5465178,60.8,5121085,63.1,5557997,55.8,1236727,81.5,311066,310944,310600,310981,34832,2096103,2096024,2095115,2096052,674107,3140337,3047534,2705750,3140231,525448,52.4,10737,10676,9620,10733,2340,5558243,"GAA",,,,,,,,,,1783059,"Report"
,,,,38504,33.9,23373,52.2,9947,61.9,764,15081,23164,0,30.3,180377,225833,233910,198934,267076,296555,274907,267930,303894,42895,41567,85,143249,138380,95,123404,95,143229,93.8,17110,95,71,119587,117204,89.3,104093,90.9,11984,97640,194220,71,,,,,,,,,168489,131316,,"2022-01-19",172866,22500,79580,221801,254278,190664,1813460,189180,0,303915,291260,,,,,,,,,,"GU","Guam",,,,,,,,,,,,,,,,,,,126553,95,113434,95,128936,84.4,16081,95,10302,10301,10293,10302,578,38606,38605,38590,38605,6597,80016,77634,64538,80016,8900,76.5,13,13,13,13,6,128937,"GUA",,,,,,,,,,39009,"Report"
,,,,447914,46.6,302947,62.3,175548,72,4860,207404,246413,1,42.8,188751,214014,216985,200798,253341,2591946,2358090,2421560,2671922,680090,649115,85.3,1207220,1158921,95,1074192,95,1206147,90.6,269231,95,72.4,1024600,991184,81.8,914866,82,69255,978829,1624113,276,,,,,,,,,1415872,1211109,,"2022-01-19",221257,123600,1147660,258665,280709,235427,1166980,1861460,0,2672473,3132720,,,,,,,,,,"HI","Hawaii",,,,,,,,,,,,,,,,,,,1037588,85.7,961093,86.1,1070858,80.5,243977,90.9,65353,65324,65147,65326,11951,358759,358705,357890,358711,106836,646904,613543,538040,646805,125185,75.6,16,16,16,16,5,1071032,"HIA",,,,,,,,,,458678,"Report"
,,,,903473,52.4,634076,65.7,383406,75.6,12342,426997,479400,17,48.6,151397,173949,180955,161401,258934,4655369,4573592,4393998,4776570,1431787,1388528,66.2,2089304,2021023,75.5,1891317,77.9,2089197,70.6,544389,95,56.4,1779942,1727849,64.6,1612428,66.4,173541,1910455,2692225,452,,,,,,,,,3155070,2676281,,"2022-01-19",189352,281400,2261640,223227,246031,201870,1080410,3431155,0,4776673,5974195,,,,,,,,,,"IA","Iowa",,,,,,,,,,,,,,,,,,,1839071,68.7,1723574,71,1891158,63.9,507080,91.7,159902,159898,159809,159900,14445,701141,701127,700925,701137,266456,1029833,977756,862552,1029830,226055,59.9,291,290,288,291,124,1891167,"IAA",,,,,,,,,,918756,"Report"
,,,,353039,41.7,251051,54.5,156597,63.2,5118,155247,192666,73,41.5,117860,0,157163,0,231405,0,0,2104205,0,672624,642505,54,964567,0,0,960006,71.7,0,0,272357,93.7,44.1,788908,0,0,785830,58.7,82943,865007,1155204,3073,,,,,,,,,1787065,1495407,,"2022-01-19",170971,152400,1174860,0,228206,0,1051150,1728110,0,2106227,3055370,,,,,,,,,,"ID","Idaho",,,,,,,,,,,,,,,,,,,0,0,846805,63.2,0,0,247693,85.2,78398,0,78376,0,12061,321958,0,321931,0,113856,448823,0,445781,0,121474,47.6,726,0,717,0,302,849905,"IDA",,,,,,,,,,353104,"Report"
,,,,213826,29,134443,37.7,62386,45.5,1394,107090,109876,118,26.3,100026,0,0,0,0,2023581,2023581,1859780,2082844,376473,376473,50.3,1048211,1011105,0,923361,0,1047882,0,174087,0,38.4,798796,776240,0,705173,0,38551,989069,1055559,168,,,,,,,,,2082813,0,,"2022-01-19",127915,102600,1199620,0,0,0,0,1362015,0,2083347,2664235,,,,,,,,,,"IH2","Indian Health Svc",,,,,,,,,,,,,,,,,,,809160,0,738057,0,831592,0,137175,0,37014,36991,36949,36992,3409,383225,383143,382895,383154,77292,411493,389020,318207,411440,56473,39.9,6,6,6,6,1,831738,"IH2",,,,,,,,,,218478,"Report"
,,,,3612062,48.7,2303658,61.4,1279885,72,46227,1558201,2086058,1117,44.5,164048,185372,190421,174312,241770,20090205,19764232,18764013,20786541,4939914,4808647,74.6,9448778,9041850,83.4,8371199,85,9447575,79.2,1958661,95,62.2,7885516,7598862,70.1,7010779,71.1,662641,7472296,12625713,27233,,,,,,,,,12671821,10837805,,"2022-01-19",194912,1147400,8547320,227895,250649,207120,1208810,15004135,0,20787883,24698855,,,,,,,,,,"IL","Illinois",,,,,,,,,,,,,,,,,,,8007786,73.9,7417213,75.3,8294290,69.6,1778293,87,616114,616055,613491,616058,83697,2747882,2747767,2740130,2747784,791862,4921966,4635428,4055260,4921911,899066,65.5,8537,8536,8332,8537,3668,8294499,"ILA",,,,,,,,,,3691603,"Report"
,,,,1418071,43.2,994705,54.1,595528,63.9,19127,574783,853889,737,40.7,131733,152252,158766,140456,236025,8686013,8561870,8199059,8868214,2562622,2508812,59.3,3995176,3877301,68,3631948,70.3,3994908,63.3,995256,91.7,49.9,3356807,3290585,57.7,3082870,59.7,297466,3230488,5312425,28144,,,,,,,,,6732219,5705039,,"2022-01-19",175230,577700,4097700,206780,228434,186841,1086530,7121500,0,8868523,11796900,,,,,,,,,,"IN","Indiana",,,,,,,,,,,,,,,,,,,3489735,61.2,3281807,63.5,3555931,56.3,932199,85.9,276084,276058,275786,276068,30723,1227081,1227054,1226734,1227072,456188,2044823,1978663,1771435,2044801,441486,52.8,7990,7960,7852,7990,3802,3555978,"INA",,,,,,,,,,1448536,"Report"
,,,,630497,40.9,429609,52.5,258607,61.4,9286,283285,352330,161,37.9,145620,168405,174370,155507,246072,4128770,3975559,3858923,4242217,1170042,1125569,71.7,2088662,2019348,82.4,1879410,84.9,2088523,76.6,519990,95,55.4,1612670,1567870,64,1451606,65.6,130863,1625116,2482817,3574,,,,,,,,,2913314,2451697,,"2022-01-19",186883,251400,2070260,222070,246016,199579,1145030,3122825,0,4242370,5444485,,,,,,,,,,"KS","Kansas",,,,,,,,,,,,,,,,,,,1658501,67.6,1542141,69.7,1703289,62.4,421377,88.6,122252,122232,122122,122247,18343,614969,614941,614580,614961,200438,965436,920686,804879,965429,202334,58.5,652,642,560,652,262,1703309,"KSA",,,,,,,,,,645062,"Report"
,,,,964998,42.4,688557,54.1,407195,63.9,20766,447010,511804,130,39.7,136624,156946,163187,145475,228964,5973615,5861666,5654119,6102774,1718520,1673556,64.1,2864780,2788045,73.3,2621499,75.7,2864373,68.3,717547,95,51.9,2317748,2265309,59.5,2123315,61.3,228164,2523265,3350271,2199,,,,,,,,,4467673,3806167,,"2022-01-19",177302,375800,3221060,208117,228622,188824,1055380,4324435,0,6103899,7921295,,,,,,,,,,"KY","Kentucky",,,,,,,,,,,,,,,,,,,2415870,63.5,2273769,65.6,2468291,58.8,636764,84.8,206102,206070,205954,206079,38487,952957,952847,952592,952947,290884,1307652,1255331,1113679,1307638,306604,55.2,1628,1622,1544,1627,789,2468339,"KYA",,,,,,,,,,979710,"Report"
,,,,827424,37.1,616240,49.1,375710,59.5,11418,370105,454949,56,35.1,125786,147166,153733,134502,226911,5773804,5600265,5474671,5847225,1681460,1616489,59,2744482,2693535,68.7,2530805,71.1,2744257,63.1,671184,90.6,48.5,2252409,2228917,56.8,2099137,58.9,190306,2407615,3246669,2927,,,,,,,,,4648794,3923318,,"2022-01-19",160002,317900,2941020,189588,208869,171097,1003770,4179230,0,5847517,7438150,,,,,,,,,,"LA","Louisiana",,,,,,,,,,,,,,,,,,,2362280,60.2,2232353,62.7,2385729,54.9,631579,85.2,174118,174090,173926,174098,22248,938932,938902,938404,938918,300382,1271705,1248249,1118995,1271671,308740,51.3,1042,1039,1028,1042,209,2385797,"LAA",,,,,,,,,,836528,"Report"
,,,,2300061,49.2,1384480,59.1,726087,66.6,23350,1144260,1189440,9,45.1,197889,218939,222851,208702,266144,13173018,12864491,12345277,13638995,3112112,2989708,93.5,6446204,6177478,95,5754595,95,6445639,95,1371818,95,72.4,4990695,4793118,79.7,4439735,80.1,392800,5390015,7856279,426,,,,,,,,,6892503,6016745,,"2022-01-19",223512,603500,5790300,256045,278094,235735,1317470,9011790,0,13639520,15405590,,,,,,,,,,"MA","Massachusetts",,,,,,,,,,,,,,,,,,,5027192,83.6,4672617,84.3,5224754,79.9,1089494,93.2,375109,375080,373857,375104,73767,1853856,1853820,1848499,1853847,492760,2995632,2798108,2450095,2995618,522899,75.8,185,184,166,185,68,5224782,"MAA",,,,,,,,,,2357059,"Report"
,,,,1845384,47.6,1173117,60.3,623260,70.1,31265,825253,1047270,411,43.8,181111,205128,208724,192631,256466,10590502,10305172,9832983,10948654,2460523,2404977,82.7,5002284,4794631,92.9,4422821,93.9,5001666,88,986120,95,68.8,4162065,4012469,77.7,3687350,78.3,352682,4008994,6572440,15261,,,,,,,,,6045680,5162887,,"2022-01-19",233490,595000,4845120,273414,299640,248358,1471350,8675920,0,10949377,14116040,,,,,,,,,,"MD","Maryland",,,,,,,,,,,,,,,,,,,4198129,81.3,3872871,82.2,4347694,76.5,889655,92.7,319279,319131,318931,319241,54631,1473089,1473018,1472508,1473056,425439,2551526,2402106,2077772,2551486,408499,71.9,3913,3874,3660,3911,1086,4347807,"MDA",,,,,,,,,,1904199,"Report"
,,,,508165,53.9,355143,65,204412,73.2,9955,244109,265055,562,50.2,194805,214556,219560,204459,276063,2542357,2365748,2404990,2618452,787512,736354,87.9,1181639,1139860,95,1074235,95,1181511,92.3,321516,95,70.8,951428,917168,77.4,857919,78.3,140912,1071645,1402931,3105,,,,,,,,,1344212,1184936,,"2022-01-19",227155,151200,1189720,257689,278760,238425,1070390,1712530,0,2618593,3053450,,,,,,,,,,"ME","Maine",,,,,,,,,,,,,,,,,,,1001425,84.5,942132,86,1035671,80.9,279241,95,130088,130066,130009,130069,24519,374672,374653,374594,374665,127133,530262,496026,436904,530255,127345,77,682,680,625,682,244,1035704,"MEA",,,,,,,,,,519681,"Report"
,,,,2008,9.3,776,15,207,16.7,8,1990,13,0,8.7,63681,85727,96329,71517,73232,49181,49181,45784,49488,2733,2733,34.2,26550,26288,45.8,24489,51.5,26538,38.4,1397,37.4,26.5,20636,20580,35.9,19140,40.3,2607,43076,3821,2,,,,,,,,,77741,57369,,"2022-01-19",88731,12100,47700,120239,145132,99685,1848340,9180,0,49506,68980,,,,,,,,,,"MH","Marshall Islands",,,,,,,,,,,,,,,,,,,23142,40.3,21696,45.6,23194,33.5,1236,33.1,2590,2587,2581,2589,114,19048,19040,19012,19043,1121,1562,1514,102,1561,1,29.8,1,1,1,1,0,23201,"MHA",,,,,,,,,,2011,"Report"
,,,,2637414,49.9,1843129,61,1081328,70.6,42879,1183070,1459216,79,46.6,145187,164540,170636,153913,238337,14142202,13876931,13382878,14499242,4207603,4086708,64.7,6463213,6257162,72.8,5882370,75,6462821,68.6,1678552,95,55,5495071,5342648,62.2,5009566,63.9,452058,5681041,8364544,2024,,,,,,,,,9986857,8595002,,"2022-01-19",189823,916000,7373120,220562,241712,201236,1073830,10668190,0,14499667,18957310,,,,,,,,,,"MI","Michigan",,,,,,,,,,,,,,,,,,,5613884,65.3,5280566,67.3,5766276,61.2,1530725,86.7,412385,412356,412068,412371,70513,2109353,2109292,2108588,2109332,764890,3243554,3091203,2758958,3243536,694741,57.7,1038,1033,952,1037,581,5766330,"MIA",,,,,,,,,,2685244,"Report"
,,,,1897522,56.8,1217113,69.3,686661,78.6,26841,794550,1119313,265,51.7,168617,191920,197932,179817,266852,9170122,8953416,8583266,9508751,2456054,2357423,72.9,4110205,3918006,82,3637474,83.9,4109612,77.7,933955,95,63.5,3583388,3434981,71.9,3173993,73.2,349775,3486598,5669610,3401,,,,,,,,,5639632,4778088,,"2022-01-19",202576,494300,3999360,239103,263452,216046,1241280,6930890,0,9509384,11424550,,,,,,,,,,"MN","Minnesota",,,,,,,,,,,,,,,,,,,3604298,75.4,3342825,77.1,3752665,71,874095,95,323411,323393,322888,323396,50348,1274583,1274549,1272300,1274575,367985,2153562,2005203,1746518,2153529,455457,66.5,1165,1153,1119,1165,305,3752721,"MNA",,,,,,,,,,1940969,"Report"
,,,,1224207,40.2,870372,51.1,537049,61.1,15336,515047,714575,49,37.6,136238,156101,162066,144924,228212,8172980,7928931,7725432,8361173,2423693,2314850,64,3928186,3815113,72.9,3583205,75.2,3927862,68.1,1005141,94.6,51.3,3145784,3070715,58.6,2875881,60.3,242945,3038271,5077989,2310,,,,,,,,,6137428,5235715,,"2022-01-19",171012,415400,3879600,200464,220182,181922,988265,6200735,0,8361515,10495735,,,,,,,,,,"MO","Missouri",,,,,,,,,,,,,,,,,,,3236586,61.8,3041553,63.8,3311646,57.4,878831,82.7,232242,232213,231980,232226,39734,1137127,1137112,1136647,1137115,400490,1941685,1866645,1672464,1941676,438444,54,629,616,462,629,163,3311683,"MOA",,,,,,,,,,1245007,"Report"
,,,,15723,47.2,8058,60.6,2029,66.4,140,3389,12588,0,38.7,194457,220724,229289,209607,216249,93344,93344,82716,100825,8118,8118,85.3,44212,40111,94.8,34844,95,44209,91.9,3154,84,78.6,40761,37380,88.4,32404,89.8,1249,13978,85601,0,,,,,,,,,51851,42290,,"2022-01-19",227440,3300,24720,278860,326902,245167,3141450,89910,0,100828,117930,,,,,,,,,,"MP","Northern Mariana Islands",,,,,,,,,,,,,,,,,,,38262,90.5,33286,92.3,41643,86.6,3058,81.5,1112,1112,1112,1112,115,5104,5104,5103,5104,493,35427,32046,27071,35427,2450,80.3,0,0,0,0,0,41643,"MPA",,,,,,,,,,16117,"Report"
,,,,482697,35.2,375912,47.2,230115,57.1,7066,230788,249413,372,33,121824,141830,148442,129822,221012,3576139,3459040,3380855,3625508,1075649,1043738,57.6,1714920,1683047,66.7,1576357,69.2,1714772,61.4,440635,90.5,47.5,1414133,1396901,55.4,1310400,57.5,88906,1469614,2064753,2399,,,,,,,,,2976149,2521425,,"2022-01-19",167227,218800,1975160,197385,218519,178213,1022600,2782955,0,3625672,4976915,,,,,,,,,,"MS","Mississippi",,,,,,,,,,,,,,,,,,,1459610,57.9,1373037,60.3,1476828,52.9,402986,82.8,83111,83096,83015,83100,17553,571076,571061,570733,571068,204637,821838,804621,718484,821828,180405,49.6,832,832,805,832,391,1476857,"MSA",,,,,,,,,,487639,"Report"
,,,,250570,46.3,180486,57.5,115271,66,4501,120463,128446,300,43.2,139158,158388,164226,147590,233713,1453367,1352112,1379811,1487146,482471,451251,63.3,676979,656922,71.6,618899,73.7,676866,67.2,194193,94.1,51.2,547462,533636,58.2,501404,59.7,58757,629078,797586,1874,,,,,,,,,1068778,917598,,"2022-01-19",169264,103700,739260,197151,215315,179537,876323,966095,0,1487295,1809055,,,,,,,,,,"MT","Montana",,,,,,,,,,,,,,,,,,,573234,62.5,540953,64.4,587039,58.3,174780,84.7,53521,53514,53453,53516,9959,232144,232122,232011,232128,83973,300962,287159,255058,300956,80638,54.9,439,439,431,439,210,587066,"MTA",,,,,,,,,,253710,"Report"
,,,,1366137,24.6,944813,31.7,548175,36.8,24777,613934,754676,14,22.9,147784,168122,173656,156893,238170,15106634,9245025,14217851,15498395,4170579,3047389,79.9,8377836,8142243,90.6,7657835,93.5,8376769,84.8,2127511,95,54.1,5679153,5529718,61.5,5155592,63,498805,5798337,9201666,914,,,,,,,,,10488084,8985519,,"2022-01-19",188713,904600,7352160,220270,241743,200362,1130290,11535660,0,15499722,19792420,,,,,,,,,,"NC","North Carolina",,,,,,,,,,,,,,,,,,,5924421,65.9,5548899,67.8,6073586,61.5,1491187,85.2,471904,471878,470462,471887,53810,2123735,2123631,2120655,2123692,716678,3478099,3328772,2957645,3477867,720635,57.9,140,140,137,140,64,6073878,"NCA",,,,,,,,,,1393401,"Report"
,,,,157539,41.9,109692,55.9,67622,66.4,2362,70615,85917,3,38.8,136712,159063,165392,147144,240913,1013623,945448,962399,1041725,288722,268684,63.6,484690,469707,73.7,443493,76.2,484598,68.4,120091,95,50.3,383070,372497,58.5,350440,60.2,38878,392685,609951,316,,,,,,,,,762062,637246,,"2022-01-19",164260,52000,482580,196433,215119,176812,1044480,717180,0,1041830,1251760,,,,,,,,,,"ND","North Dakota",,,,,,,,,,,,,,,,,,,398476,62.5,376282,64.7,409042,57.8,101775,84.9,35967,35961,35817,35963,4356,143037,143031,142828,143033,47896,230045,219479,197632,230041,49522,53.7,5,5,5,5,1,409054,"NDA",,,,,,,,,,158897,"Report"
,,,,517925,48.7,342198,61.9,202213,71.3,5264,209637,314448,292,44.8,153207,177997,184761,164308,257159,2878944,2762973,2694431,2963332,803513,754396,68.1,1317440,1268623,78.4,1176483,80.7,1317186,73,305300,95,58.2,1126435,1091027,67.5,1009123,69.2,90712,1076494,1790703,5740,,,,,,,,,1934408,1617408,,"2022-01-19",185543,148500,1254860,221908,246113,199007,1148680,2185790,0,2963649,3589150,,,,,,,,,,"NE","Nebraska",,,,,,,,,,,,,,,,,,,1145556,70.8,1063600,72.9,1180928,65.5,283500,90.7,86422,86400,86337,86407,6892,406988,406953,406795,406968,137861,686091,650729,569056,686070,137859,61.1,1483,1474,1412,1483,888,1180984,"NEA",,,,,,,,,,529641,"Report"
,,,,164302,19.2,106005,21.6,52292,22.2,3896,79012,85228,10,18.1,184785,204920,209026,193763,269383,2456103,1719776,2308599,2511341,683866,476706,95,1406598,1370977,95,1300043,95,1405661,95,408081,95,63.1,858325,837439,69.9,783502,70.9,111512,942419,1458526,79,,,,,,,,,1359711,1198569,,"2022-01-19",227242,170200,1095340,257793,279760,238396,1217120,1824290,0,2512536,3089830,,,,,,,,,,"NH","New Hampshire",,,,,,,,,,,,,,,,,,,907685,75.7,853718,77.3,928377,71.6,235744,92.9,82628,82601,82570,82602,17217,337566,337459,337302,337461,97531,508312,487534,433761,508223,120957,68.3,91,91,85,91,39,928597,"NHA",,,,,,,,,,168146,"Report"
,,,,2475150,43,1574561,53.7,827975,62.1,52483,1123860,1357147,33,39.7,176538,200054,204789,187384,243471,15240890,15130255,14219722,15679388,3592503,3553718,86.3,7664728,7399434,95,6871791,95,7663729,91.6,1579315,95,67.9,6032362,5851726,76.8,5400837,77.8,545738,5991730,9141639,1302,,,,,,,,,8882190,7618375,,"2022-01-19",223822,922100,7086200,260952,286310,237589,1347330,11871975,0,15680409,19880275,,,,,,,,,,"NJ","New Jersey",,,,,,,,,,,,,,,,,,,6200992,81.4,5749869,82.8,6381581,76.3,1332859,90.3,500288,500199,499942,500231,92036,2240383,2240314,2239650,2240351,620416,3640458,3459914,3009737,3640430,620230,71.8,570,565,540,569,177,6381699,"NJA",,,,,,,,,,2533523,"Report"
,,,,603231,47.4,394460,58.1,224317,64.8,9054,262730,345831,100,43.5,170641,194628,200279,181079,249486,3478844,3084493,3246511,3577828,942073,850364,83.3,1746522,1682211,94.1,1553739,95,1746327,88.4,414182,95,64.2,1345944,1305158,73,1198820,74,113708,1464436,1992279,7619,,,,,,,,,2096829,1787431,,"2022-01-19",192273,185300,1576240,225555,248715,204047,1067690,2270105,0,3578042,4031645,,,,,,,,,,"NM","New Mexico",,,,,,,,,,,,,,,,,,,1378962,77.1,1272506,78.5,1419713,71.9,346390,91.7,106572,106555,106416,106563,21077,544839,544798,544416,544823,162370,766310,725568,619664,766286,161918,67.7,2041,2041,2010,2041,1025,1419762,"NMA",,,,,,,,,,617715,"Report"
,,,,592700,36.1,405682,48.6,236460,58.1,10491,250901,340601,0,33.8,146308,168756,174258,155685,226538,4424445,4272068,4160432,4506437,1123567,1060978,72.1,2221510,2170431,82.8,2026149,84.9,2221448,76.7,492278,95,53.5,1648909,1619139,61.8,1509661,63.2,180262,1565906,2759832,511,,,,,,,,,3080156,2621802,,"2022-01-19",174358,253800,1838980,204840,224940,185536,1082820,3277710,0,4506511,5370490,,,,,,,,,,"NV","Nevada",,,,,,,,,,,,,,,,,,,1752518,66.8,1642999,68.8,1782279,61.6,406803,82,168969,168965,168921,168966,25838,588847,588842,588742,588842,187433,1024419,994654,885281,1024414,193501,57.9,57,57,55,57,31,1782292,"NVA",,,,,,,,,,601993,"Report"
,,,,5367031,41.4,3406744,53.5,1841482,62.6,93109,2416202,2967988,296,38.4,184785,208678,213423,196136,246819,35002083,19417397,32921028,35945038,8135501,4893562,86.6,16848252,16288051,95,15231412,95,16846438,91.9,3411430,95,68.8,13376049,12990126,77.4,12073124,78.3,1376958,13129307,21424184,16906,,,,,,,,,19453561,16773220,,"2022-01-19",214782,1824200,14590500,249104,270872,227990,1267630,25368065,0,35947355,41782765,,,,,,,,,,"NY","New York State",,,,,,,,,,,,,,,,,,,13871804,82.7,12954113,84,14257474,77.8,2940662,89.2,1224076,1223884,1223051,1223967,185290,4849092,4848488,4846421,4848975,1388168,8180154,7794999,6880541,8179988,1365535,73.3,4562,4433,4100,4544,1669,14257884,"NYA",,,,,,,,,,5477595,"Report"
,,,,3058618,50.7,2120999,61.5,1248918,70.6,53458,1346464,1715994,499,47.4,142399,162442,168911,151341,239264,16245349,15917572,15389616,16644941,4896116,4730489,61.9,7231433,7005022,70,6583858,72.3,7231175,65.7,1878540,91.8,53.3,6227145,6058070,60.6,5685176,62.4,606506,6373277,9646229,19202,,,,,,,,,11689100,10000702,,"2022-01-19",179465,957300,7816280,209764,230245,190738,1025150,12204265,0,16645214,20977845,,,,,,,,,,"OH","Ohio",,,,,,,,,,,,,,,,,,,6408165,64.1,6035079,66.2,6577215,59.8,1769945,86.5,540076,540063,539828,540069,90716,2336993,2336975,2336387,2336986,799434,3695112,3526066,3153915,3695095,877324,56.3,5065,5061,4949,5065,2471,6577246,"OHA",,,,,,,,,,3116415,"Report"
,,,,717388,36.1,515457,48.5,317659,58.9,9982,337219,380585,29,33.7,139343,162741,169738,148955,238062,5411499,4419810,5100176,5513459,1512009,1297269,68.4,2708245,2645913,79.6,2479829,82.5,2707995,73.2,667925,95,51.8,2051047,2011579,60.5,1876161,62.4,147083,2239976,3125465,1223,,,,,,,,,3956971,3325223,,"2022-01-19",167960,320900,2716560,199870,221188,179555,1046410,3608650,0,5513747,6646110,,,,,,,,,,"OK","Oklahoma",,,,,,,,,,,,,,,,,,,2122339,63.8,1986856,66.1,2161776,58.4,539461,84.9,139477,139459,139384,139462,20480,827142,827120,826860,827124,273590,1194995,1155550,1020430,1194979,245342,54.6,211,210,182,211,49,2161825,"OKA",,,,,,,,,,727815,"Report"
,,,,1253692,48.6,796439,60.9,482654,70.3,19941,557667,703813,382,45.1,168531,189385,193943,178148,244123,6908343,6763709,6499361,7107990,1870176,1801493,75.4,3180658,3065556,84,2865380,85.5,3180449,79.7,744853,95,63.4,2675325,2592372,71.1,2413818,72,265901,2662877,4166314,13110,,,,,,,,,4217737,3647769,,"2022-01-19",215223,455800,3409320,248852,270876,227512,1184930,5212425,0,7108202,9077545,,,,,,,,,,"OR","Oregon",,,,,,,,,,,,,,,,,,,2759877,75.7,2580532,77,2842825,71.3,686078,89.6,242118,242115,241288,242117,52161,982406,982402,979505,982405,309892,1613861,1530919,1355493,1613855,322806,67.4,4448,4441,4246,4448,1219,2842833,"ORA",,,,,,,,,,1281803,"Report"
,,,,2965665,38.9,2118904,49.4,1281952,58.6,9934,1349351,1670689,49,36.4,164153,184749,190167,173600,252382,20473022,17240535,19334998,21012712,6040416,5239224,80.9,10357403,10043450,90.6,9456956,93,10355704,85.6,2651014,95,59.8,7656132,7437107,67.1,6957700,68.4,702682,8170514,12140305,1351,,,,,,,,,12801989,11081530,,"2022-01-19",212587,1487200,10224160,245592,267673,224845,1137120,15503995,0,21014852,27215355,,,,,,,,,,"PA","Pennsylvania",,,,,,,,,,,,,,,,,,,8112158,73.2,7632313,75.1,8330772,68.8,2189278,91.5,700057,699975,699527,700005,88549,3027679,3027487,3025424,3027562,1029580,4602901,4384072,3906784,4602580,1070869,65.1,625,624,578,625,280,8331262,"PAA",,,,,,,,,,3030023,"Report"
,,,,852620,38.2,553513,47.8,302943,51.6,8061,367525,488103,9,34.6,193131,209599,211959,200476,229944,5969984,5868602,5555355,6167052,1562825,1513791,90.9,2901900,2781507,95,2566562,95,2901088,94.3,683904,95,75.1,2399716,2323024,81.6,2135142,81.5,147299,2414519,3605655,554,,,,,,,,,3193694,2848293,,"2022-01-19",215574,212600,2453640,241716,262681,223807,1012980,4218530,0,6168027,6884770,,,,,,,,,,"PR","Puerto Rico",,,,,,,,,,,,,,,,,,,2417407,84.9,2229413,85.1,2493950,81.1,587630,86.5,137954,137903,137779,137911,23406,929222,929153,928794,929167,290551,1426862,1350242,1162769,1426761,273657,78.1,111,109,71,111,16,2494149,"PRA",,,,,,,,,,863698,"Report"
,,,,392726,52.8,253366,65.2,136638,74.2,4479,176302,221295,23,48.6,193163,214453,218684,203635,277141,1989035,1935047,1869459,2046203,518381,502101,93,984879,946311,95,883537,95,984790,95,212427,95,75.1,795284,766706,82.7,711967,83.3,63477,784254,1197129,1436,,,,,,,,,1059361,927491,,"2022-01-19",227049,87000,903440,259330,281362,239368,1285920,1414825,0,2046296,2405265,,,,,,,,,,"RI","Rhode Island",,,,,,,,,,,,,,,,,,,799225,86.2,744463,87.1,827796,82.4,184092,95,58765,58764,58738,58764,6683,282974,282965,282858,282970,82734,485714,457146,402518,485712,94549,78.1,351,350,349,350,126,827804,"RIA",,,,,,,,,,402099,"Report"
,,,,7674,50.9,3446,59.7,1176,67.5,0,7663,11,0,45.2,191455,213317,223542,202336,222590,39773,39773,37070,41222,4434,4434,89.3,19223,18371,95,16959,95,19222,94.4,1802,90.5,71.3,15354,14752,79.1,13455,81.1,2339,32596,6265,24,,,,,,,,,21532,18645,,"2022-01-19",183401,3800,27200,211799,238135,193835,1982430,8490,0,41224,39490,,,,,,,,,,"RP","Republic of Palau",,,,,,,,,,,,,,,,,,,16373,87.8,15076,90.9,16974,83.3,1743,87.5,2344,2344,2344,2344,227,12231,12231,12231,12231,1494,2388,1786,489,2387,22,78.8,12,12,12,12,0,16975,"RPA",,,,,,,,,,7674,"Report"
,,,,984719,37.9,742759,48.9,469539,58.4,19803,430026,548535,468,35.6,135730,155298,161324,143867,234057,6864134,6580802,6513513,6986542,2193164,2120201,65.2,3354920,3276228,74.1,3087984,76.5,3353675,69.1,941687,95,51.6,2656671,2608517,59,2453019,60.8,222178,2743597,4020500,2076,,,,,,,,,5148714,4419974,,"2022-01-19",182334,439400,3801820,212396,232514,193315,1001880,5146625,0,6988351,9387845,,,,,,,,,,"SC","South Carolina",,,,,,,,,,,,,,,,,,,2756330,62.4,2600297,64.4,2803989,57.7,803366,85.7,202443,202399,201845,202401,31006,1018045,1017919,1015962,1017970,343774,1583683,1535656,1382136,1583262,428379,54.5,356,356,354,356,207,2804527,"SCA",,,,,,,,,,998832,"Report"
,,,,190746,40.6,137845,52.4,85112,60.9,2328,88728,102524,8,37.5,147730,172126,178894,158697,251068,1270467,1050263,1194221,1306860,381300,325201,73.1,647010,625467,84.7,583890,87.5,646966,78.6,172041,95,55,486784,472224,64,440464,66,39500,514534,752740,133,,,,,,,,,884659,738101,,"2022-01-19",189279,87500,670180,226863,250836,203338,1102560,916795,0,1306907,1674475,,,,,,,,,,"SD","South Dakota",,,,,,,,,,,,,,,,,,,501746,68,469966,70.4,516301,62.7,139756,92,37772,37767,37742,37768,4931,191666,191664,191597,191664,69556,286839,272282,240594,286836,65249,58.4,33,33,33,33,20,516310,"SDA",,,,,,,,,,193588,"Report"
,,,,1378337,41.4,989063,53,600907,63.2,18974,596131,778835,2530,39.1,134989,155349,162339,143568,237408,9065505,8827837,8635011,9217882,2714501,2635742,60.2,4113252,4023135,68.9,3799852,71.4,4112631,64.1,1041928,91.1,50,3411739,3350633,57.4,3164862,59.5,252641,3538639,5379197,48167,,,,,,,,,6829174,5835568,,"2022-01-19",170046,496700,4345180,198999,218320,180868,1015640,6770850,0,9218644,11612730,,,,,,,,,,"TN","Tennessee",,,,,,,,,,,,,,,,,,,3514695,60.2,3328759,62.6,3575721,55.7,950886,83.2,228757,228707,228470,228719,35434,1283542,1283498,1282956,1283525,472270,2052802,1991782,1806721,2052731,437500,52.4,10748,10708,10612,10746,5682,3575849,"TNA",,,,,,,,,,1396470,"Report"
,,,,5395600,35.7,3406623,48.3,1821060,57.4,85656,2469377,2958384,160,32.7,146005,170776,175687,156747,233675,41158959,0,37941524,42329470,8725953,0,68.9,19985409,19269591,80,17594702,81.5,19980517,74,3575510,95,54.8,15884764,15476755,64.2,14138581,65.5,1477484,15786634,25067579,3850,,,,,,,,,28995881,24101113,,"2022-01-19",192058,2571600,19848720,231064,257866,206217,1491310,33268595,0,42335547,55688915,,,,,,,,,,"TX","Texas",,,,,,,,,,,,,,,,,,,16466410,68.3,15127101,70,16873526,62.5,3172807,85,1302263,1301856,1300578,1302003,175501,5933023,5932318,5928473,5932512,1511025,9638754,9231525,7897365,9638279,1486003,58.2,732,711,685,732,278,16874772,"TXA",,,,,,,,,,5513577,"Report"
,,,,657748,39,384688,55,216266,65,9133,267786,392129,2,34.7,146577,174679,181867,158837,251569,4528141,4453503,4137057,4698652,920419,899340,69,2212920,2109794,81.4,1907397,83.8,2212466,74.8,370549,95,56.5,1812654,1745659,67.3,1570638,69,173599,1669817,2855472,300,,,,,,,,,3205958,2592257,,"2022-01-19",177606,235000,1956860,219653,250310,192484,1556280,3502120,0,4699188,5693980,,,,,,,,,,"UT","Utah",,,,,,,,,,,,,,,,,,,1861562,71.8,1686419,74.1,1928495,65.2,332500,90.9,162971,162929,162772,162942,16553,640418,640359,639964,640396,142719,1125190,1058262,883671,1125145,173226,60.2,12,12,12,12,2,1928591,"UTA",,,,,,,,,,669050,"Report"
,,,,2422014,45.4,1538540,58,847152,68.7,39250,1068397,1379694,386,41.6,176852,199634,203764,187958,255299,14587238,13746857,13600601,15093106,3469273,3313712,82.5,7043132,6755741,92.5,6256932,93.7,7041386,87.7,1431692,95,66.8,5697713,5486151,75.1,5049621,75.7,482941,5411241,9192843,8211,,,,,,,,,8535519,7306973,,"2022-01-19",209278,763800,6209600,244465,267623,222452,1314510,10889575,0,15095236,17862975,,,,,,,,,,"VA","Virginia",,,,,,,,,,,,,,,,,,,5774205,79,5336264,79.9,5985638,74.5,1232428,90.7,445203,444340,442875,445108,72381,1966631,1966405,1960897,1966495,573013,3571134,3360441,2929697,3570911,586110,70.1,3126,3019,2795,3124,924,5986094,"VAA",,,,,,,,,,2487727,"Report"
,,,,1011040,34.7,926984,40.3,677827,45.5,18645,531432,461004,0,34.6,0,0,0,0,0,7078933,7078933,7075736,7078952,3750873,3750873,0,3369219,3369100,0,3367272,0,3369115,0,1653899,0,0,2728438,2728371,0,2727043,0,251268,3644576,3182998,283,,,,,,,,,0,0,,"2022-01-19",0,624800,3741080,0,0,0,0,3322140,0,7079125,7688020,,,,,,,,,,"VA2","Veterans Health",,,,,,,,,,,,,,,,,,,2918497,0,2917139,0,2918501,0,1489599,0,231675,231668,231634,231669,76207,1431103,1431081,1431042,1431081,813821,1255781,1255736,1254451,1255739,599570,0,12,12,12,12,1,2918571,"VA2",,,,,,,,,,1011081,"Report"
,,,,14057,27.4,10891,35.1,6262,41.7,128,4932,9155,2,26,126461,148588,155420,134836,186009,132875,131626,126678,134329,38091,37509,61.1,64901,63921,71.5,60618,74.4,64840,65.1,17480,85.4,49.7,52832,52254,58.4,49529,60.8,2157,40090,92168,0,,,,,,,,,106290,89425,,"2022-01-19",131301,2500,36740,156064,171225,140087,681512,100320,0,134415,139560,,,,,,,,,,"VI","Virgin Islands",,,,,,,,,,,,,,,,,,,54014,60.4,51285,62.9,54570,54.8,15015,73.3,1963,1960,1956,1960,534,15259,15251,15231,15252,5953,37368,36798,34093,37353,8524,51.4,5,5,5,5,4,54595,"VIA",,,,,,,,,,14217,"Report"
,,,,261143,59.6,171211,69.4,96065,76.7,4135,118436,149011,16,55.2,209309,228115,231123,219500,295982,1256801,1228261,1178691,1305909,370093,358247,91.4,570507,543647,95,507631,95,570340,95,141200,95,74.8,466655,444725,80.7,412799,80.9,52025,511992,741169,880,,,,,,,,,623989,550950,,"2022-01-19",241748,70100,583900,273796,295790,253549,1206410,854480,0,1306066,1508480,,,,,,,,,,"VT","Vermont",,,,,,,,,,,,,,,,,,,470333,85.4,438362,86,492264,82.7,125196,95,46748,46731,46669,46743,2614,174953,174936,174889,174952,60446,270309,248401,216556,270304,61981,78.9,265,265,248,265,155,492275,"VTA",,,,,,,,,,271598,"Report"
,,,,2278566,47.7,1398298,61.3,790484,70.9,30787,1041359,1259510,599,44.1,172512,196134,200770,183500,255689,12750541,12379565,11949479,13135678,3093128,2990110,78,5938867,5717359,87.9,5323851,89.4,5938049,83,1219910,95,65.5,4985188,4820897,74.2,4466861,75.1,467724,4951309,7707729,9870,,,,,,,,,7614893,6500925,,"2022-01-19",209383,731700,5726620,245261,267888,222735,1318010,9485945,0,13136632,15944265,,,,,,,,,,"WA","Washington",,,,,,,,,,,,,,,,,,,5127405,78.9,4773119,80.2,5291595,73.9,1114533,92.1,441765,441727,441413,441739,58196,1852384,1852303,1851577,1852360,507647,2994256,2830067,2476898,2994180,547105,69.5,3317,3308,3231,3316,1585,5291722,"WAA",,,,,,,,,,2332255,"Report"
,,,,1813194,54.3,1242416,66.4,729808,76.4,24966,788501,1031552,76,50.3,163054,184853,191480,172860,271823,9242286,8886356,8723506,9493355,2765099,2642263,69.8,4061695,3919582,78.4,3664884,80.4,4061355,74,1026821,95,59.9,3489411,3381424,67.6,3156630,69.3,328034,3666498,5497196,2003,,,,,,,,,5822434,4999792,,"2022-01-19",181544,449600,3911840,211414,232016,192469,1039110,6208835,0,9493731,10570275,,,,,,,,,,"WI","Wisconsin",,,,,,,,,,,,,,,,,,,3561217,71.2,3336276,73.2,3669176,66.8,955095,93.9,295691,295662,295468,295675,30339,1306005,1305965,1305633,1305995,458650,2066851,1958916,1734530,2066830,465827,63,676,674,645,676,279,3669223,"WIA",,,,,,,,,,1845095,"Report"
,,,,408273,43.7,305083,53.9,190530,62.4,4372,196258,213025,63,41.3,143093,162116,168127,150886,229353,2525506,2406159,2408555,2563731,841750,785586,63.2,1132814,1109373,71.2,1050160,73.3,1132411,66.6,336499,91.7,53.3,955681,939978,60.3,888452,62,65170,1109288,1388326,1651,,,,,,,,,1792147,1557837,,"2022-01-19",205208,157700,1437400,236073,256713,216443,1002050,2082525,0,2564435,3677625,,,,,,,,,,"WV","West Virginia",,,,,,,,,,,,,,,,,,,985311,63.2,933734,65.2,1000798,58.9,305205,83.2,59594,59575,59519,59577,9519,413503,413406,413044,413426,156104,527480,511881,460751,527340,139391,55.9,455,449,420,455,191,1001032,"WVA",,,,,,,,,,413718,"Report"
,,,,107874,41.3,80544,53.5,51990,63.5,1527,51282,56271,39,38.8,121783,141079,147912,129598,221635,692306,631503,658245,704792,219815,202502,57.3,331628,323882,66,305499,68.6,331598,61,91826,92.6,45,260428,255573,52.1,240676,54.1,28360,311388,364461,619,,,,,,,,,578759,490721,,"2022-01-19",154462,47400,392320,182174,200880,164384,901365,454245,0,704828,893965,,,,,,,,,,"WY","Wyoming",,,,,,,,,,,,,,,,,,,276069,56.3,261152,58.7,280920,51.7,81935,82.6,25749,25746,25725,25747,3853,114754,114753,114732,114753,41735,140308,135455,120582,140305,36293,48.5,115,115,113,115,54,280926,"WYA",,,,,,,,,,109119,"Report"
